Workbook

Sheet Suivi_Trades
A1: Suivi Post-Trade Fixed Income - Short Term Strategies
A2: Dernière maj : 22/04/2026 (cliquer sur 'Actualiser' pour rafraîchir)
A4: ISIN | B4: Emetteur | C4: Type | D4: Nominal | E4: Prix (%) | F4: Coupon | G4: Maturité | H4: Dt Trade | I4: Dt Réglement | J4: Contrepartie | K4: Statut | L4: Montant Total | M4: Contrôle
A5: FR0014008VX7 | B5: Caisse des Dépôts | C5: OAT | D5: 10000000 | E5: 98.75 | F5: 0.75 | G5: 46280 | H5: 46127 | I5: 46129 | J5: BNP Paribas | K5: Confirmé | L5: =D5*E5/100 -> 9875000 | M5: =IF(K5="ERREUR","⚠ A traiter - statut erreur",IF(AND(K5<>"Confirmé",I5<TODAY()),"⚠ Règlement en retard",IF(E5<99,"⚠ Prix à vérifier ("&TEXT(E5,"0.00")&"%)","OK"))) -> ⚠ Prix à vérifier (98.75%)
A6: FR0013524110 | B6: BNP Paribas | C6: CD | D6: 5000000 | E6: 99.95 | F6: 2.85 | G6: 46213 | H6: 46126 | I6: 46128 | J6: Natixis | K6: Confirmé | L6: =D6*E6/100 -> 4997500 | M6: =IF(K6="ERREUR","⚠ A traiter - statut erreur",IF(AND(K6<>"Confirmé",I6<TODAY()),"⚠ Règlement en retard",IF(E6<99,"⚠ Prix à vérifier ("&TEXT(E6,"0.00")&"%)","OK"))) -> OK
A7: FR0013507496 | B7: Crédit Agricole SA | C7: CD | D7: 8000000 | E7: 99.9 | F7: 2.9 | G7: 46203 | H7: 46128 | I7: 46130 | J7: Société Générale CIB | K7: En attente | L7: =D7*E7/100 -> 7992000 | M7: =IF(K7="ERREUR","⚠ A traiter - statut erreur",IF(AND(K7<>"Confirmé",I7<TODAY()),"⚠ Règlement en retard",IF(E7<99,"⚠ Prix à vérifier ("&TEXT(E7,"0.00")&"%)","OK"))) -> ⚠ Règlement en retard
A8: FR0013481103 | B8: Engie | C8: BT | D8: 3000000 | E8: 99.8 | F8: 0 | G8: 46162 | H8: 46122 | I8: 46124 | J8: HSBC France | K8: Confirmé | L8: =D8*E8/100 -> 2994000 | M8: =IF(K8="ERREUR","⚠ A traiter - statut erreur",IF(AND(K8<>"Confirmé",I8<TODAY()),"⚠ Règlement en retard",IF(E8<99,"⚠ Prix à vérifier ("&TEXT(E8,"0.00")&"%)","OK"))) -> OK
A9: FR0014007L00 | B9: LVMH | C9: BT | D9: 4500000 | E9: 99.72 | F9: 0 | G9: 46188 | H9: 46129 | I9: 46133 | J9: CA-CIB | K9: En cours | L9: =D9*E9/100 -> 4487400 | M9: =IF(K9="ERREUR","⚠ A traiter - statut erreur",IF(AND(K9<>"Confirmé",I9<TODAY()),"⚠ Règlement en retard",IF(E9<99,"⚠ Prix à vérifier ("&TEXT(E9,"0.00")&"%)","OK"))) -> ⚠ Règlement en retard
A10: FR0013405077 | B10: Société Générale | C10: CD | D10: 6000000 | E10: 99.85 | F10: 2.95 | G10: 46239 | H10: 46127 | I10: 46129 | J10: BNP Paribas | K10: Confirmé | L10: =D10*E10/100 -> 5991000 | M10: =IF(K10="ERREUR","⚠ A traiter - statut erreur",IF(AND(K10<>"Confirmé",I10<TODAY()),"⚠ Règlement en retard",IF(E10<99,"⚠ Prix à vérifier ("&TEXT(E10,"0.00")&"%)","OK"))) -> OK
A11: FR0013411574 | B11: TotalEnergies | C11: BT | D11: 2000000 | E11: 99.91 | F11: 0 | G11: 46152 | H11: 46120 | I11: 46122 | J11: Natixis | K11: Confirmé | L11: =D11*E11/100 -> 1998200 | M11: =IF(K11="ERREUR","⚠ A traiter - statut erreur",IF(AND(K11<>"Confirmé",I11<TODAY()),"⚠ Règlement en retard",IF(E11<99,"⚠ Prix à vérifier ("&TEXT(E11,"0.00")&"%)","OK"))) -> OK
A12: FR0014002MN7 | B12: Caisse d'Epargne | C12: CD | D12: 7500000 | E12: 99.88 | F12: 2.8 | G12: 46295 | H12: 46128 | I12: 46132 | J12: Société Générale CIB | K12: En attente | L12: =D12*E12/100 -> 7491000 | M12: =IF(K12="ERREUR","⚠ A traiter - statut erreur",IF(AND(K12<>"Confirmé",I12<TODAY()),"⚠ Règlement en retard",IF(E12<99,"⚠ Prix à vérifier ("&TEXT(E12,"0.00")&"%)","OK"))) -> ⚠ Règlement en retard
A13: FR0013531793 | B13: Stellantis | C13: BT | D13: 1500000 | E13: 99.6 | F13: 0 | G13: 46147 | H13: 46124 | I13: 46126 | J13: HSBC France | K13: Confirmé | L13: =D13*E13/100 -> 1494000 | M13: =IF(K13="ERREUR","⚠ A traiter - statut erreur",IF(AND(K13<>"Confirmé",I13<TODAY()),"⚠ Règlement en retard",IF(E13<99,"⚠ Prix à vérifier ("&TEXT(E13,"0.00")&"%)","OK"))) -> OK
A14: FR0013554958 | B14: La Poste | C14: BT | D14: 2500000 | E14: 99.78 | F14: 0 | G14: 46223 | H14: 46130 | I14: 46134 | J14: CA-CIB | K14: En cours | L14: =D14*E14/100 -> 2494500 | M14: =IF(K14="ERREUR","⚠ A traiter - statut erreur",IF(AND(K14<>"Confirmé",I14<TODAY()),"⚠ Règlement en retard",IF(E14<99,"⚠ Prix à vérifier ("&TEXT(E14,"0.00")&"%)","OK"))) -> OK
A15: FR0013480063 | B15: La Banque Postale | C15: CD | D15: 4000000 | E15: 99.93 | F15: 2.7 | G15: 46198 | H15: 46126 | I15: 46128 | J15: BNP Paribas | K15: Confirmé | L15: =D15*E15/100 -> 3997200 | M15: =IF(K15="ERREUR","⚠ A traiter - statut erreur",IF(AND(K15<>"Confirmé",I15<TODAY()),"⚠ Règlement en retard",IF(E15<99,"⚠ Prix à vérifier ("&TEXT(E15,"0.00")&"%)","OK"))) -> OK
A16: FR0013424650 | B16: Sanofi | C16: BT | D16: 3500000 | E16: 99.85 | F16: 0 | G16: 46249 | H16: 46121 | I16: 46123 | J16: Natixis | K16: ERREUR | L16: =D16*E16/100 -> 3494750 | M16: =IF(K16="ERREUR","⚠ A traiter - statut erreur",IF(AND(K16<>"Confirmé",I16<TODAY()),"⚠ Règlement en retard",IF(E16<99,"⚠ Prix à vérifier ("&TEXT(E16,"0.00")&"%)","OK"))) -> ⚠ A traiter - statut erreur
C17: TOTAL | L17: =SUM(L5:L16) -> 57306550

Sheet Synthese
A1: Synthèse - Short Term Strategies
A2: Données tirées de la feuille Suivi_Trades
A4: Nb total de trades | B4: =COUNTA(Suivi_Trades!A5:A16) -> 12
A5: Encours total (€) | B5: =SUM(Suivi_Trades!L5:L16) -> 57306550
A6: dont Confirmés | B6: =COUNTIF(Suivi_Trades!K5:K16,"Confirmé") -> 7
A7: dont En attente/cours | B7: =COUNTIF(Suivi_Trades!K5:K16,"En attente")+COUNTIF(Suivi_Trades!K5:K16,"En cours") -> 4
A8: dont ERREUR | B8: =COUNTIF(Suivi_Trades!K5:K16,"ERREUR") -> 1
A10: Nb alertes actives | B10: =COUNTIF(Suivi_Trades!M5:M16,"<>OK") -> 5
A11: Prix moyen pondéré | B11: =SUMPRODUCT(Suivi_Trades!D5:D16,Suivi_Trades!E5:E16)/SUM(Suivi_Trades!D5:D16) -> 99.663565
A14: Répartition par type
A15: Type | B15: Nb | C15: % Encours
A16: OAT | B16: =COUNTIF(Suivi_Trades!C$5:C$16,A16) -> 1 | C16: =SUMIF(Suivi_Trades!C$5:C$16,A16,Suivi_Trades!D$5:D$16)/SUM(Suivi_Trades!D$5:D$16) -> 0.17391304
A17: CD | B17: =COUNTIF(Suivi_Trades!C$5:C$16,A17) -> 5 | C17: =SUMIF(Suivi_Trades!C$5:C$16,A17,Suivi_Trades!D$5:D$16)/SUM(Suivi_Trades!D$5:D$16) -> 0.53043478
A18: BT | B18: =COUNTIF(Suivi_Trades!C$5:C$16,A18) -> 6 | C18: =SUMIF(Suivi_Trades!C$5:C$16,A18,Suivi_Trades!D$5:D$16)/SUM(Suivi_Trades!D$5:D$16) -> 0.29565217
